wavelength[μm],reflectance1,reflectance2,reflectance3,reflectance4,reflectance5,reflectance6,reflectance7,reflectance8,reflectance9
1.00135,NaN,NaN,NaN,NaN,NaN,NaN,NaN,NaN,NaN
1.00790,NaN,NaN,NaN,NaN,NaN,NaN,NaN,NaN,NaN
1.01445,0.23329,0.23298,0.23282,0.23340,0.23416,0.23370,0.23307,0.23393,0.23386
1.02100,0.23241,0.23274,0.23319,0.23263,0.23279,0.23321,0.23249,0.23346,0.23455
1.02755,0.22654,0.22640,0.22727,0.22688,0.22704,0.22739,0.22676,0.22723,0.22820
1.03410,0.22849,0.22862,0.22950,0.22893,0.22925,0.22944,0.22823,0.22897,0.23031
1.04065,0.22773,0.22784,0.22844,0.22816,0.22803,0.22816,0.22771,0.22789,0.22908
1.04720,0.22557,0.22616,0.22681,0.22598,0.22620,0.22644,0.22582,0.22635,0.22766
1.05375,0.22618,0.22611,0.22718,0.22656,0.22665,0.22717,0.22652,0.22683,0.22781
1.06030,0.22749,0.22783,0.22855,0.22786,0.22808,0.22840,0.22739,0.22800,0.22943
1.06685,0.22687,0.22722,0.22837,0.22736,0.22774,0.22798,0.22766,0.22802,0.22887
1.07341,0.22720,0.22749,0.22823,0.22752,0.22772,0.22783,0.22741,0.22786,0.22913
1.07996,0.22560,0.22600,0.22709,0.22626,0.22649,0.22670,0.22629,0.22659,0.22782
1.08651,0.22669,0.22705,0.22810,0.22685,0.22731,0.22774,0.22744,0.22755,0.22877
1.09307,0.22794,0.22852,0.22967,0.22853,0.22889,0.22906,0.22857,0.22876,0.22989
1.09962,0.22981,0.23013,0.23112,0.23009,0.23038,0.23064,0.23034,0.23052,0.23174
1.10617,0.23011,0.23060,0.23186,0.23101,0.23146,0.23158,0.23110,0.23136,0.23231
1.11273,0.22847,0.22856,0.22993,0.22908,0.22901,0.22928,0.22934,0.22946,0.23032
1.11928,0.22854,0.22879,0.23018,0.22911,0.22945,0.22982,0.22931,0.22987,0.23063
1.12584,0.22960,0.22930,0.23036,0.23016,0.23006,0.23035,0.23011,0.23024,0.23096
1.13239,0.22912,0.22938,0.23086,0.22981,0.22980,0.23046,0.22940,0.23007,0.23112
1.13895,0.22969,0.22965,0.23072,0.23016,0.23017,0.23053,0.23054,0.23069,0.23158
1.14551,0.23034,0.23048,0.23176,0.23076,0.23069,0.23124,0.23093,0.23128,0.23198
1.15206,0.23092,0.23085,0.23227,0.23173,0.23141,0.23227,0.23164,0.23206,0.23321
1.15862,0.23143,0.23167,0.23270,0.23222,0.23231,0.23274,0.23215,0.23238,0.23320
1.16518,0.23232,0.23242,0.23312,0.23264,0.23262,0.23297,0.23273,0.23283,0.23362
1.17173,0.23223,0.23269,0.23360,0.23300,0.23319,0.23374,0.23270,0.23337,0.23408
1.17829,0.23111,0.23140,0.23243,0.23186,0.23181,0.23247,0.23175,0.23167,0.23289
1.18485,0.23147,0.23147,0.23234,0.23188,0.23180,0.23254,0.23219,0.23188,0.23308
1.19141,0.23192,0.23259,0.23336,0.23240,0.23312,0.23356,0.23271,0.23318,0.23414
1.19797,0.22865,0.23058,0.23230,0.22978,0.23153,0.23296,0.23053,0.23166,0.23329
1.20453,0.22611,0.22645,0.22778,0.22670,0.22713,0.22781,0.22702,0.22728,0.22836
1.21109,0.22911,0.22931,0.22992,0.22961,0.22968,0.23000,0.22958,0.22947,0.23035
1.21765,0.22733,0.22762,0.22884,0.22764,0.22824,0.22880,0.22823,0.22829,0.22904
1.22421,0.22859,0.22822,0.22927,0.22894,0.22890,0.22953,0.22963,0.22936,0.23000
1.23077,0.22975,0.22995,0.23108,0.23013,0.23067,0.23105,0.23034,0.23032,0.23123
1.23733,0.23215,0.23261,0.23336,0.23253,0.23277,0.23327,0.23267,0.23274,0.23371
1.24389,0.23273,0.23289,0.23354,0.23319,0.23334,0.23360,0.23366,0.23359,0.23385
1.25045,0.23351,0.23384,0.23487,0.23404,0.23432,0.23483,0.23407,0.23451,0.23497
1.25701,0.23349,0.23331,0.23438,0.23403,0.23403,0.23463,0.23409,0.23427,0.23487
1.26357,0.23376,0.23384,0.23443,0.23428,0.23431,0.23454,0.23426,0.23418,0.23478
1.27014,0.23658,0.23618,0.23701,0.23716,0.23657,0.23713,0.23751,0.23697,0.23771
1.27670,0.23585,0.23568,0.23672,0.23620,0.23626,0.23687,0.23650,0.23634,0.23717
1.28326,0.23499,0.23519,0.23653,0.23593,0.23607,0.23653,0.23571,0.23587,0.23696
1.28983,0.23496,0.23508,0.23669,0.23563,0.23588,0.23655,0.23575,0.23591,0.23689
1.29639,0.23579,0.23590,0.23705,0.23639,0.23651,0.23692,0.23617,0.23677,0.23781
1.30295,0.23690,0.23684,0.23767,0.23705,0.23723,0.23759,0.23736,0.23753,0.23869
1.30952,0.23499,0.23497,0.23630,0.23574,0.23604,0.23624,0.23551,0.23571,0.23697
1.31608,0.23358,0.23376,0.23534,0.23400,0.23452,0.23481,0.23407,0.23432,0.23525
1.32265,0.23650,0.23648,0.23791,0.23719,0.23751,0.23778,0.23721,0.23738,0.23846
1.32921,0.23730,0.23709,0.23819,0.23747,0.23776,0.23776,0.23750,0.23785,0.23863
1.33578,0.23690,0.23686,0.23816,0.23733,0.23784,0.23787,0.23729,0.23759,0.23857
1.34234,0.23645,0.23650,0.23806,0.23676,0.23723,0.23776,0.23655,0.23697,0.23811
1.34891,0.23634,0.23627,0.23759,0.23671,0.23712,0.23748,0.23638,0.23663,0.23798
1.35548,0.23590,0.23583,0.23735,0.23626,0.23685,0.23711,0.23623,0.23684,0.23795
1.36205,0.23540,0.23535,0.23672,0.23577,0.23613,0.23663,0.23576,0.23597,0.23718
1.36861,0.23444,0.23474,0.23569,0.23489,0.23545,0.23556,0.23480,0.23533,0.23642
1.37518,0.23486,0.23481,0.23627,0.23517,0.23545,0.23608,0.23507,0.23540,0.23669
1.38175,0.23482,0.23447,0.23592,0.23490,0.23522,0.23659,0.23509,0.23525,0.23683
1.38832,0.23586,0.23567,0.23675,0.23607,0.23628,0.23701,0.23609,0.23633,0.23764
1.39489,0.23677,0.23696,0.23840,0.23701,0.23744,0.23841,0.23737,0.23749,0.23867
1.40145,0.23686,0.23693,0.23830,0.23717,0.23753,0.23883,0.23721,0.23771,0.23911
1.40802,0.23701,0.23707,0.23824,0.23755,0.23772,0.23856,0.23775,0.23805,0.23928
1.41459,0.23841,0.23860,0.23970,0.23883,0.23949,0.24024,0.23933,0.23978,0.24070
1.42116,0.23983,0.24046,0.24141,0.24063,0.24105,0.24156,0.24076,0.24163,0.24233
1.42773,0.23071,0.23137,0.23224,0.23126,0.23196,0.23251,0.23167,0.23234,0.23331
1.43431,0.22101,0.22146,0.22300,0.22170,0.22197,0.22312,0.22176,0.22217,0.22357
1.44088,0.22212,0.22234,0.22331,0.22253,0.22268,0.22325,0.22253,0.22248,0.22372
1.44745,0.23187,0.23233,0.23342,0.23261,0.23264,0.23315,0.23258,0.23274,0.23406
1.45402,0.23936,0.23969,0.24090,0.23986,0.24045,0.24096,0.23997,0.24046,0.24195
1.46059,0.24249,0.24238,0.24404,0.24308,0.24339,0.24379,0.24336,0.24335,0.24478
1.46716,0.24134,0.24092,0.24308,0.24182,0.24209,0.24317,0.24222,0.24224,0.24398
1.47374,0.24096,0.24055,0.24233,0.24118,0.24156,0.24183,0.24138,0.24152,0.24315
1.48031,0.24117,0.24097,0.24307,0.24133,0.24195,0.24243,0.24185,0.24208,0.24327
1.48688,0.24129,0.24054,0.24256,0.24139,0.24173,0.24230,0.24147,0.24166,0.24318
1.49346,0.24278,0.24191,0.24412,0.24296,0.24292,0.24381,0.24283,0.24285,0.24451
1.50003,0.24211,0.24135,0.24376,0.24245,0.24255,0.24311,0.24260,0.24264,0.24386
1.50661,0.24502,0.24416,0.24644,0.24511,0.24515,0.24612,0.24493,0.24538,0.24662
1.51318,0.24637,0.24575,0.24788,0.24637,0.24641,0.24718,0.24624,0.24657,0.24744
1.51976,0.24461,0.24415,0.24632,0.24488,0.24494,0.24609,0.24476,0.24496,0.24644
1.52633,0.24153,0.24121,0.24356,0.24202,0.24212,0.24343,0.24227,0.24235,0.24348
1.53291,0.24055,0.24050,0.24224,0.24098,0.24093,0.24204,0.24099,0.24144,0.24223
1.53948,0.24368,0.24356,0.24535,0.24392,0.24391,0.24534,0.24397,0.24471,0.24548
1.54606,0.24667,0.24678,0.24864,0.24739,0.24723,0.24819,0.24734,0.24782,0.24833
1.55264,0.24766,0.24760,0.24973,0.24860,0.24839,0.24971,0.24850,0.24890,0.24962
1.55921,0.24595,0.24552,0.24730,0.24633,0.24600,0.24743,0.24658,0.24664,0.24751
1.56579,0.23842,0.23791,0.23941,0.23851,0.23822,0.23931,0.23883,0.23885,0.23905
1.57237,0.23113,0.23123,0.23315,0.23165,0.23193,0.23302,0.23186,0.23222,0.23289
1.57895,0.23836,0.23797,0.23963,0.23848,0.23842,0.23962,0.23878,0.23914,0.23950
1.58552,0.24367,0.24353,0.24568,0.24429,0.24436,0.24566,0.24463,0.24489,0.24553
1.59210,0.24249,0.24222,0.24429,0.24275,0.24269,0.24405,0.24326,0.24344,0.24426
1.59868,0.23729,0.23678,0.23866,0.23734,0.23728,0.23825,0.23750,0.23752,0.23807
1.60526,0.23441,0.23413,0.23605,0.23484,0.23463,0.23550,0.23495,0.23513,0.23583
1.61184,0.23710,0.23670,0.23854,0.23766,0.23745,0.23825,0.23776,0.23788,0.23848
1.61842,0.24208,0.24166,0.24363,0.24253,0.24232,0.24324,0.24226,0.24250,0.24350
1.62500,0.24498,0.24448,0.24654,0.24550,0.24521,0.24582,0.24588,0.24562,0.24601
1.63158,0.24539,0.24488,0.24734,0.24612,0.24611,0.24678,0.24613,0.24635,0.24696
1.63816,0.24584,0.24506,0.24660,0.24627,0.24599,0.24632,0.24627,0.24631,0.24686
1.64474,0.24657,0.24583,0.24815,0.24690,0.24648,0.24744,0.24709,0.24652,0.24782
1.65133,0.24965,0.24754,0.24896,0.24861,0.24790,0.24850,0.24848,0.24816,0.24927
1.65791,0.24858,0.24734,0.24884,0.24872,0.24819,0.24874,0.24847,0.24858,0.24937
1.66449,0.24934,0.24873,0.25053,0.24960,0.24925,0.25035,0.24994,0.24949,0.25058
1.67107,0.24882,0.24804,0.25017,0.24906,0.24891,0.24981,0.24934,0.24926,0.25029
1.67766,0.25056,0.24977,0.25159,0.25072,0.25046,0.25142,0.25096,0.25077,0.25165
1.68424,0.24952,0.24877,0.25116,0.25002,0.25006,0.25111,0.25069,0.25055,0.25137
1.69082,0.25026,0.24946,0.25171,0.25051,0.25053,0.25154,0.25113,0.25118,0.25202
1.69741,0.25142,0.25076,0.25318,0.25182,0.25171,0.25270,0.25210,0.25202,0.25280
1.70399,0.25260,0.25189,0.25396,0.25280,0.25279,0.25364,0.25314,0.25307,0.25388
1.71058,0.25257,0.25164,0.25427,0.25266,0.25312,0.25404,0.25355,0.25365,0.25407
1.71716,0.25358,0.25291,0.25518,0.25383,0.25391,0.25437,0.25442,0.25406,0.25453
1.72375,0.25371,0.25323,0.25515,0.25373,0.25431,0.25480,0.25433,0.25437,0.25486
1.73033,0.25392,0.25325,0.25552,0.25396,0.25420,0.25493,0.25435,0.25460,0.25515
1.73692,0.25383,0.25349,0.25550,0.25382,0.25470,0.25527,0.25452,0.25503,0.25554
1.74351,0.25463,0.25402,0.25628,0.25497,0.25536,0.25593,0.25562,0.25577,0.25623
1.75009,0.25473,0.25414,0.25633,0.25443,0.25470,0.25548,0.25587,0.25603,0.25607
1.75668,0.25491,0.25444,0.25662,0.25503,0.25540,0.25579,0.25546,0.25587,0.25606
1.76327,0.25490,0.25471,0.25660,0.25503,0.25526,0.25592,0.25538,0.25576,0.25634
1.76985,0.25517,0.25481,0.25686,0.25528,0.25558,0.25603,0.25558,0.25609,0.25652
1.77644,0.25552,0.25538,0.25717,0.25572,0.25587,0.25626,0.25601,0.25631,0.25648
1.78303,0.25554,0.25502,0.25706,0.25585,0.25593,0.25665,0.25622,0.25666,0.25696
1.78962,0.25555,0.25498,0.25725,0.25567,0.25543,0.25631,0.25617,0.25653,0.25686
1.79621,0.25547,0.25493,0.25694,0.25585,0.25553,0.25643,0.25588,0.25605,0.25661
1.80280,0.25463,0.25421,0.25663,0.25486,0.25464,0.25566,0.25491,0.25535,0.25586
1.80939,0.25427,0.25388,0.25601,0.25459,0.25436,0.25543,0.25483,0.25520,0.25529
1.81598,0.25426,0.25368,0.25538,0.25449,0.25428,0.25494,0.25437,0.25479,0.25509
1.82257,0.25408,0.25375,0.25570,0.25455,0.25433,0.25513,0.25450,0.25490,0.25529
1.82916,0.25374,0.25323,0.25554,0.25450,0.25420,0.25513,0.25473,0.25507,0.25517
1.83575,0.25400,0.25334,0.25540,0.25418,0.25369,0.25461,0.25411,0.25455,0.25488
1.84234,0.25373,0.25344,0.25554,0.25425,0.25401,0.25482,0.25418,0.25467,0.25495
1.84893,0.25422,0.25413,0.25613,0.25485,0.25496,0.25560,0.25473,0.25531,0.25562
1.85552,0.25496,0.25408,0.25575,0.25512,0.25470,0.25540,0.25530,0.25577,0.25584
1.86212,0.25430,0.25362,0.25584,0.25456,0.25434,0.25510,0.25461,0.25492,0.25507
1.86871,0.25033,0.24946,0.25180,0.25071,0.25038,0.25110,0.25084,0.25099,0.25111
1.87530,0.24665,0.24616,0.24851,0.24678,0.24677,0.24787,0.24676,0.24735,0.24788
1.88190,0.24768,0.24773,0.24988,0.24852,0.24879,0.24929,0.24868,0.24896,0.24901
1.88849,0.25114,0.25051,0.25263,0.25112,0.25112,0.25208,0.25134,0.25165,0.25230
1.89508,0.25287,0.25231,0.25476,0.25281,0.25291,0.25400,0.25301,0.25347,0.25427
1.90168,0.25437,0.25424,0.25601,0.25446,0.25467,0.25547,0.25452,0.25486,0.25563
1.90827,0.25452,0.25428,0.25650,0.25509,0.25527,0.25626,0.25525,0.25555,0.25624
1.91487,0.25534,0.25493,0.25681,0.25564,0.25560,0.25665,0.25565,0.25589,0.25703
1.92146,0.25590,0.25522,0.25772,0.25582,0.25615,0.25752,0.25642,0.25682,0.25765
1.92806,0.25490,0.25435,0.25658,0.25532,0.25533,0.25615,0.25603,0.25585,0.25663
1.93465,0.24940,0.24889,0.25071,0.24951,0.24976,0.25047,0.25034,0.25027,0.25060
1.94125,0.23328,0.23233,0.23392,0.23326,0.23292,0.23364,0.23359,0.23328,0.23392
1.94785,0.20869,0.20818,0.20941,0.20854,0.20860,0.20936,0.20896,0.20905,0.20961
1.95444,0.19133,0.19114,0.19246,0.19155,0.19167,0.19225,0.19193,0.19220,0.19263
1.96104,0.19569,0.19561,0.19695,0.19559,0.19593,0.19685,0.19581,0.19612,0.19687
1.96764,0.21188,0.21191,0.21355,0.21208,0.21236,0.21332,0.21251,0.21249,0.21350
1.97424,0.23216,0.23195,0.23343,0.23175,0.23208,0.23311,0.23257,0.23257,0.23327
1.98084,0.24126,0.24139,0.24284,0.24124,0.24151,0.24232,0.24192,0.24200,0.24249
1.98743,0.23669,0.23645,0.23745,0.23679,0.23657,0.23722,0.23755,0.23723,0.23748
1.99403,0.20221,0.20196,0.20291,0.20273,0.20259,0.20269,0.20286,0.20280,0.20259
2.00063,0.15699,0.15709,0.15777,0.15717,0.15715,0.15750,0.15759,0.15742,0.15740
2.00723,0.14314,0.14329,0.14400,0.14295,0.14303,0.14363,0.14324,0.14322,0.14344
2.01383,0.15981,0.16074,0.16180,0.16028,0.16064,0.16083,0.16087,0.16075,0.16085
2.02043,0.19195,0.19252,0.19376,0.19236,0.19251,0.19322,0.19282,0.19313,0.19341
2.02703,0.21566,0.21600,0.21733,0.21586,0.21622,0.21686,0.21607,0.21627,0.21662
2.03363,0.22316,0.22354,0.22466,0.22342,0.22347,0.22412,0.22394,0.22384,0.22414
2.04024,0.22183,0.22189,0.22321,0.22213,0.22211,0.22272,0.22255,0.22253,0.22292
2.04684,0.21106,0.21103,0.21194,0.21094,0.21102,0.21156,0.21145,0.21141,0.21182
2.05344,0.20251,0.20217,0.20342,0.20255,0.20256,0.20333,0.20277,0.20258,0.20318
2.06004,0.20479,0.20465,0.20609,0.20470,0.20471,0.20583,0.20519,0.20550,0.20604
2.06664,0.20978,0.20949,0.21090,0.20958,0.20963,0.21060,0.20979,0.21000,0.21052
2.07325,0.21889,0.21849,0.22011,0.21889,0.21915,0.22011,0.21937,0.21945,0.21990
2.07985,0.22698,0.22673,0.22858,0.22698,0.22710,0.22814,0.22725,0.22737,0.22792
2.08645,0.23370,0.23299,0.23536,0.23347,0.23378,0.23496,0.23411,0.23418,0.23463
2.09306,0.23957,0.23872,0.24121,0.23931,0.23958,0.24103,0.23988,0.23992,0.24078
2.09966,0.24503,0.24449,0.24687,0.24530,0.24514,0.24645,0.24549,0.24525,0.24579
2.10627,0.24926,0.24872,0.25114,0.24923,0.24924,0.25042,0.24934,0.24930,0.24996
2.11287,0.25309,0.25237,0.25449,0.25319,0.25309,0.25419,0.25329,0.25326,0.25381
2.11948,0.25741,0.25659,0.25899,0.25775,0.25784,0.25863,0.25778,0.25810,0.25823
2.12608,0.26064,0.26017,0.26257,0.26099,0.26075,0.26169,0.26092,0.26117,0.26142
2.13269,0.26085,0.26042,0.26309,0.26148,0.26129,0.26222,0.26160,0.26175,0.26215
2.13930,0.25898,0.25841,0.26048,0.25930,0.25885,0.25987,0.25939,0.25948,0.25966
2.14590,0.25717,0.25652,0.25877,0.25802,0.25751,0.25853,0.25772,0.25791,0.25812
2.15251,0.25711,0.25657,0.25884,0.25755,0.25724,0.25844,0.25765,0.25760,0.25798
2.15912,0.25802,0.25734,0.26017,0.25822,0.25794,0.25932,0.25843,0.25861,0.25889
2.16572,0.25963,0.25910,0.26149,0.26000,0.25970,0.26096,0.26045,0.26067,0.26077
2.17233,0.26209,0.26160,0.26445,0.26235,0.26222,0.26356,0.26303,0.26332,0.26348
2.17894,0.26307,0.26234,0.26507,0.26337,0.26307,0.26428,0.26353,0.26365,0.26406
2.18555,0.26463,0.26306,0.26528,0.26411,0.26373,0.26496,0.26396,0.26436,0.26475
2.19216,0.26347,0.26240,0.26496,0.26313,0.26261,0.26400,0.26390,0.26373,0.26391
2.19877,0.26379,0.26270,0.26530,0.26357,0.26358,0.26467,0.26404,0.26438,0.26473
2.20538,0.26405,0.26307,0.26554,0.26387,0.26370,0.26502,0.26419,0.26434,0.26493
2.21199,0.26502,0.26361,0.26633,0.26467,0.26458,0.26559,0.26509,0.26508,0.26572
2.21860,0.26541,0.26414,0.26688,0.26532,0.26507,0.26603,0.26571,0.26594,0.26632
2.22521,0.26558,0.26446,0.26725,0.26549,0.26525,0.26659,0.26574,0.26580,0.26631
2.23182,0.26626,0.26495,0.26732,0.26595,0.26558,0.26672,0.26589,0.26609,0.26673
2.23843,0.26590,0.26467,0.26766,0.26597,0.26567,0.26672,0.26640,0.26627,0.26656
2.24504,0.26688,0.26552,0.26803,0.26658,0.26619,0.26714,0.26670,0.26675,0.26728
2.25165,0.26604,0.26487,0.26747,0.26615,0.26600,0.26699,0.26669,0.26676,0.26692
2.25827,0.26591,0.26482,0.26754,0.26594,0.26569,0.26673,0.26629,0.26634,0.26672
2.26488,0.26584,0.26466,0.26738,0.26581,0.26556,0.26678,0.26620,0.26615,0.26644
2.27149,0.26680,0.26593,0.26876,0.26693,0.26683,0.26789,0.26728,0.26720,0.26765
2.27810,0.26735,0.26617,0.26896,0.26745,0.26690,0.26814,0.26732,0.26733,0.26782
2.28472,0.26757,0.26657,0.26933,0.26772,0.26751,0.26851,0.26790,0.26807,0.26847
2.29133,0.26774,0.26695,0.26983,0.26790,0.26780,0.26893,0.26814,0.26831,0.26916
2.29795,0.26822,0.26730,0.26970,0.26891,0.26835,0.26893,0.26854,0.26845,0.26881
2.30456,0.26773,0.26678,0.26922,0.26780,0.26739,0.26839,0.26810,0.26804,0.26848
2.31118,0.26688,0.26575,0.26865,0.26715,0.26662,0.26771,0.26710,0.26701,0.26802
2.31779,0.26606,0.26510,0.26781,0.26633,0.26619,0.26675,0.26633,0.26650,0.26684
2.32441,0.26561,0.26497,0.26768,0.26591,0.26542,0.26629,0.26639,0.26616,0.26651
2.33102,0.26546,0.26426,0.26696,0.26556,0.26511,0.26612,0.26571,0.26563,0.26621
2.33764,0.26541,0.26460,0.26730,0.26580,0.26543,0.26616,0.26582,0.26571,0.26633
2.34426,0.26622,0.26551,0.26798,0.26645,0.26587,0.26647,0.26663,0.26642,0.26709
2.35087,0.26606,0.26562,0.26802,0.26636,0.26624,0.26698,0.26668,0.26638,0.26725
2.35749,0.26561,0.26494,0.26712,0.26578,0.26516,0.26640,0.26612,0.26588,0.26684
2.36411,0.26601,0.26530,0.26745,0.26588,0.26567,0.26646,0.26618,0.26633,0.26682
2.37072,0.26575,0.26496,0.26733,0.26572,0.26559,0.26666,0.26621,0.26614,0.26695
2.37734,0.26476,0.26411,0.26632,0.26500,0.26444,0.26542,0.26554,0.26510,0.26593
2.38396,0.26411,0.26332,0.26610,0.26434,0.26386,0.26538,0.26453,0.26448,0.26550
2.39058,0.26445,0.26349,0.26554,0.26477,0.26404,0.26516,0.26484,0.26455,0.26548
2.39720,0.26485,0.26394,0.26660,0.26497,0.26417,0.26572,0.26501,0.26486,0.26604
2.40382,0.26575,0.26463,0.26688,0.26584,0.26528,0.26641,0.26602,0.26579,0.26659
2.41044,0.26627,0.26527,0.26746,0.26631,0.26584,0.26723,0.26667,0.26693,0.26752
2.41706,0.26702,0.26671,0.26841,0.26688,0.26673,0.26736,0.26741,0.26744,0.26769
2.42368,0.26638,0.26564,0.26831,0.26624,0.26607,0.26753,0.26645,0.26665,0.26733
2.43030,0.26611,0.26523,0.26786,0.26637,0.26591,0.26718,0.26653,0.26659,0.26706
2.43692,0.26666,0.26572,0.26849,0.26694,0.26623,0.26749,0.26735,0.26699,0.26754
2.44354,0.26697,0.26644,0.26884,0.26706,0.26670,0.26789,0.26715,0.26731,0.26788
2.45017,0.26715,0.26599,0.26852,0.26731,0.26686,0.26788,0.26716,0.26730,0.26796
2.45679,0.26640,0.26536,0.26790,0.26674,0.26601,0.26724,0.26711,0.26677,0.26737
2.46341,0.26634,0.26525,0.26810,0.26654,0.26611,0.26759,0.26613,0.26662,0.26758
2.47003,0.26591,0.26486,0.26747,0.26625,0.26542,0.26677,0.26603,0.26586,0.26670
2.47666,0.26419,0.26347,0.26608,0.26418,0.26398,0.26495,0.26409,0.26438,0.26462
2.48328,0.26236,0.26144,0.26406,0.26256,0.26209,0.26345,0.26315,0.26307,0.26304
2.48990,0.26227,0.26164,0.26450,0.26237,0.26202,0.26352,0.26264,0.26286,0.26320
2.49653,0.26315,0.26241,0.26488,0.26320,0.26275,0.26378,0.26318,0.26347,0.26381
2.50312,0.26267,0.26161,0.26364,0.26260,0.26234,0.26364,0.26308,0.26305,0.26316
2.50972,0.26204,0.26116,0.26355,0.26224,0.26155,0.26285,0.26219,0.26229,0.26231
2.51632,0.26107,0.26054,0.26256,0.26156,0.26102,0.26230,0.26146,0.26174,0.26204
2.52292,0.26024,0.25922,0.26164,0.26039,0.25963,0.26082,0.26083,0.26080,0.26089
2.52951,0.25913,0.25842,0.26154,0.25987,0.25933,0.26050,0.25951,0.25952,0.26013
2.53611,0.25845,0.25773,0.25982,0.25890,0.25836,0.25909,0.25850,0.25880,0.25908
2.54271,0.25595,0.25562,0.25854,0.25717,0.25671,0.25797,0.25719,0.25731,0.25775
2.54931,0.25572,0.25548,0.25764,0.25686,0.25663,0.25693,0.25699,0.25726,0.25699
2.55591,0.25412,0.25351,0.25596,0.25421,0.25406,0.25482,0.25408,0.25442,0.25505
2.56251,0.25142,0.25109,0.25307,0.25188,0.25191,0.25235,0.25200,0.25230,0.25279
2.56911,0.24953,0.24916,0.25147,0.24976,0.24964,0.25023,0.25042,0.25028,0.25067
2.57571,0.24835,0.24788,0.25005,0.24835,0.24832,0.24871,0.24857,0.24855,0.24911
2.58231,0.24518,0.24486,0.24720,0.24483,0.24535,0.24586,0.24559,0.24592,0.24603
2.58891,0.24173,0.24139,0.24390,0.24239,0.24243,0.24288,0.24366,0.24356,0.24353
2.59551,0.24047,0.23976,0.24175,0.24049,0.24023,0.24045,0.24068,0.24058,0.24093
2.60212,0.23931,0.23892,0.24160,0.23967,0.23968,0.24037,0.24028,0.24023,0.24065
2.60872,0.23940,0.23930,0.24213,0.23967,0.23986,0.24125,0.24049,0.24046,0.24142
2.61532,0.24057,0.24041,0.24268,0.24072,0.24045,0.24093,0.24078,0.24057,0.24111
2.62192,0.24114,0.24053,0.24343,0.24174,0.24132,0.24217,0.24177,0.24193,0.24230
2.62853,0.24156,0.24131,0.24369,0.24201,0.24200,0.24266,0.24190,0.24213,0.24222
2.63513,0.24275,0.24215,0.24433,0.24286,0.24221,0.24283,0.24323,0.24296,0.24349
2.64174,0.23987,0.23973,0.24205,0.23994,0.23997,0.24096,0.24110,0.24129,0.24130
2.64834,0.23122,0.23076,0.23232,0.23130,0.23088,0.23151,0.23134,0.23120,0.23190
2.65495,0.20425,0.20335,0.20462,0.20426,0.20322,0.20391,0.20450,0.20433,0.20446
2.66155,0.14529,0.14451,0.14455,0.14560,0.14450,0.14404,0.14561,0.14487,0.14441
2.66816,0.07059,0.07010,0.07011,0.07077,0.06996,0.06986,0.07062,0.07016,0.06974
2.67476,0.02783,0.02761,0.02749,0.02786,0.02736,0.02751,0.02757,0.02721,0.02731
2.68137,0.01727,0.01715,0.01751,0.01736,0.01730,0.01744,0.01734,0.01752,0.01733
2.68798,0.01857,0.01840,0.01866,0.01879,0.01851,0.01851,0.01864,0.01870,0.01850
2.69458,0.06032,0.05977,0.06151,0.06116,0.06043,0.06048,0.06003,0.06031,0.06027
2.70119,0.27666,0.27164,0.28115,0.27956,0.27443,0.27404,0.27196,0.27520,0.27258
2.76068,NaN,NaN,NaN,NaN,NaN,NaN,NaN,NaN,NaN
2.76729,NaN,NaN,NaN,NaN,NaN,NaN,NaN,NaN,NaN
2.77390,NaN,NaN,NaN,NaN,NaN,NaN,NaN,NaN,NaN
2.78052,NaN,NaN,NaN,NaN,NaN,NaN,NaN,NaN,NaN
2.78713,NaN,0.00443,NaN,NaN,NaN,NaN,NaN,NaN,NaN
2.79374,0.00716,0.00753,0.00809,0.00745,0.00772,0.00795,0.00711,0.00765,0.00777
2.80035,0.01115,0.01130,0.01200,0.01129,0.01146,0.01175,0.01077,0.01133,0.01146
2.80697,0.01535,0.01491,0.01601,0.01578,0.01570,0.01577,0.01524,0.01596,0.01528
2.81358,0.01985,0.01927,0.02019,0.02018,0.01968,0.01939,0.01935,0.01966,0.01905
2.82020,0.02421,0.02351,0.02411,0.02429,0.02370,0.02321,0.02344,0.02380,0.02324
2.82681,0.02787,0.02720,0.02772,0.02781,0.02723,0.02680,0.02710,0.02739,0.02698
2.83343,0.03044,0.02971,0.03058,0.03068,0.03000,0.02997,0.02993,0.03016,0.03001
2.84004,0.03241,0.03163,0.03264,0.03254,0.03218,0.03222,0.03210,0.03234,0.03218
2.84666,0.03463,0.03365,0.03448,0.03489,0.03422,0.03412,0.03450,0.03429,0.03447
2.85328,0.03758,0.03637,0.03687,0.03763,0.03673,0.03623,0.03749,0.03663,0.03665
2.85989,0.04077,0.03926,0.03954,0.04063,0.03943,0.03886,0.04059,0.03921,0.03928
2.86651,0.04313,0.04152,0.04191,0.04299,0.04169,0.04146,0.04307,0.04145,0.04182
2.87313,0.04434,0.04296,0.04375,0.04411,0.04342,0.04357,0.04454,0.04324,0.04417
2.87975,0.04564,0.04426,0.04554,0.04558,0.04480,0.04513,0.04580,0.04468,0.04588
2.88636,0.04700,0.04558,0.04722,0.04706,0.04622,0.04665,0.04723,0.04608,0.04742
2.89298,0.04778,0.04657,0.04820,0.04775,0.04685,0.04761,0.04792,0.04682,0.04826
2.89960,0.04778,0.04663,0.04822,0.04793,0.04676,0.04773,0.04792,0.04694,0.04837
2.90622,0.04735,0.04617,0.04735,0.04767,0.04618,0.04665,0.04765,0.04646,0.04769
2.91284,0.04692,0.04560,0.04682,0.04728,0.04559,0.04604,0.04718,0.04592,0.04710
2.91946,0.04648,0.04545,0.04650,0.04692,0.04536,0.04574,0.04664,0.04541,0.04661
2.92608,0.04615,0.04547,0.04646,0.04664,0.04534,0.04577,0.04625,0.04517,0.04647
2.93270,0.04616,0.04574,0.04658,0.04657,0.04558,0.04623,0.04620,0.04540,0.04681
2.93932,0.04657,0.04626,0.04681,0.04704,0.04591,0.04705,0.04632,0.04576,0.04726
2.94595,0.04726,0.04705,0.04727,0.04756,0.04660,0.04787,0.04692,0.04646,0.04784
2.95257,0.04799,0.04792,0.04786,0.04850,0.04741,0.04850,0.04807,0.04743,0.04851
2.95919,0.04861,0.04880,0.04823,0.04929,0.04811,0.04881,0.04900,0.04816,0.04894
2.96581,0.04929,0.04959,0.04837,0.04973,0.04850,0.04888,0.04953,0.04860,0.04925
2.97244,0.05026,0.05045,0.04914,0.05035,0.04939,0.04987,0.05030,0.04950,0.04993
2.97906,0.05126,0.05142,0.05037,0.05140,0.05045,0.05132,0.05150,0.05065,0.05118
2.98568,0.05235,0.05243,0.05208,0.05235,0.05196,0.05253,0.05260,0.05159,0.05228
2.99231,0.05336,0.05392,0.05340,0.05311,0.05269,0.05323,0.05380,0.05301,0.05323
2.99893,0.05487,0.05467,0.05412,0.05436,0.05386,0.05427,0.05544,0.05469,0.05439
3.00556,0.05606,0.05595,0.05550,0.05567,0.05495,0.05501,0.05669,0.05624,0.05553
3.01218,0.05698,0.05694,0.05675,0.05643,0.05584,0.05585,0.05717,0.05705,0.05649
3.01881,0.05777,0.05781,0.05798,0.05718,0.05656,0.05669,0.05755,0.05788,0.05743
3.02544,0.05837,0.05854,0.05918,0.05796,0.05748,0.05794,0.05820,0.05914,0.05861
3.03206,0.05924,0.05964,0.06032,0.05891,0.05848,0.05914,0.05905,0.06031,0.05970
3.03869,0.06029,0.06069,0.06120,0.05993,0.05978,0.06021,0.05979,0.06131,0.06073
3.04532,0.06087,0.06133,0.06165,0.06072,0.06077,0.06097,0.06030,0.06199,0.06136
3.05195,0.06091,0.06139,0.06172,0.06118,0.06132,0.06141,0.06052,0.06223,0.06169
3.05857,0.06068,0.06117,0.06163,0.06123,0.06141,0.06136,0.06065,0.06213,0.06183
3.06520,0.06085,0.06125,0.06166,0.06140,0.06159,0.06160,0.06060,0.06200,0.06200
3.07183,0.06144,0.06188,0.06222,0.06190,0.06215,0.06218,0.06101,0.06226,0.06224
3.07846,0.06222,0.06267,0.06307,0.06248,0.06302,0.06301,0.06183,0.06293,0.06265
3.08509,0.06293,0.06356,0.06416,0.06300,0.06395,0.06396,0.06282,0.06370,0.06308
3.09172,0.06372,0.06402,0.06498,0.06383,0.06465,0.06475,0.06371,0.06429,0.06363
3.09835,0.06452,0.06457,0.06570,0.06480,0.06509,0.06575,0.06478,0.06505,0.06465
3.10498,0.06505,0.06514,0.06663,0.06555,0.06558,0.06660,0.06570,0.06567,0.06529
3.11161,0.06538,0.06561,0.06742,0.06599,0.06578,0.06717,0.06630,0.06584,0.06543
3.11825,0.06586,0.06598,0.06787,0.06631,0.06608,0.06763,0.06649,0.06593,0.06576
3.12488,0.06632,0.06621,0.06823,0.06666,0.06658,0.06832,0.06699,0.06661,0.06665
3.13151,0.06679,0.06665,0.06867,0.06725,0.06742,0.06906,0.06742,0.06758,0.06746
3.13814,0.06807,0.06797,0.07005,0.06877,0.06897,0.06984,0.06840,0.06849,0.06867
3.14478,0.06980,0.06995,0.07185,0.07049,0.07102,0.07133,0.06979,0.06979,0.06999
3.15141,0.07176,0.07237,0.07391,0.07209,0.07394,0.07326,0.07187,0.07243,0.07201
3.15804,0.07405,0.07484,0.07652,0.07416,0.07715,0.07584,0.07448,0.07559,0.07464
3.16468,0.07659,0.07745,0.07880,0.07657,0.08010,0.07889,0.07733,0.07842,0.07779
3.17131,0.07891,0.07985,0.08105,0.07884,0.08301,0.08158,0.08037,0.08128,0.08086
3.17795,0.08057,0.08147,0.08267,0.08064,0.08575,0.08428,0.08302,0.08493,0.08375
3.18458,0.08235,0.08391,0.08510,0.08220,0.08699,0.08597,0.08514,0.08673,0.08572
3.19122,0.08413,0.08566,0.08669,0.08358,0.08787,0.08796,0.08688,0.08752,0.08753
3.19785,0.08673,0.08788,0.08881,0.08561,0.08938,0.09021,0.08810,0.08920,0.08958
3.20449,0.08920,0.08982,0.09043,0.08834,0.09135,0.09226,0.08981,0.09109,0.09160
3.21113,0.09164,0.09163,0.09207,0.09089,0.09281,0.09424,0.09141,0.09254,0.09326
3.21776,0.09418,0.09390,0.09439,0.09350,0.09450,0.09619,0.09305,0.09434,0.09517
3.22440,0.09701,0.09641,0.09714,0.09693,0.09707,0.09810,0.09566,0.09702,0.09712
3.23104,0.10028,0.09934,0.09943,0.10039,0.09968,0.10027,0.09823,0.09965,0.09967
3.23768,0.10321,0.10198,0.10166,0.10356,0.10203,0.10239,0.10085,0.10214,0.10223
3.24432,0.10578,0.10445,0.10422,0.10617,0.10452,0.10455,0.10315,0.10476,0.10466
3.25096,0.10795,0.10697,0.10677,0.10848,0.10686,0.10670,0.10554,0.10761,0.10692
3.25760,0.10930,0.10878,0.10861,0.11043,0.10885,0.10908,0.10783,0.10989,0.10839
3.26424,0.11022,0.10987,0.11019,0.11142,0.10990,0.11033,0.10941,0.11134,0.10918
3.27088,0.11125,0.11141,0.11215,0.11293,0.11154,0.11221,0.11120,0.11310,0.11107
3.27752,0.11363,0.11428,0.11486,0.11564,0.11485,0.11526,0.11444,0.11604,0.11380
3.28416,0.11696,0.11795,0.11845,0.11926,0.11866,0.11897,0.11809,0.11926,0.11739
3.29080,0.12059,0.12142,0.12177,0.12256,0.12165,0.12240,0.12147,0.12226,0.12089
3.29744,0.12353,0.12438,0.12469,0.12542,0.12469,0.12547,0.12452,0.12522,0.12404
3.30408,0.12636,0.12705,0.12703,0.12777,0.12702,0.12812,0.12753,0.12794,0.12694
3.31073,0.12890,0.12964,0.12929,0.13048,0.12949,0.13062,0.13030,0.13036,0.12993
3.31737,0.13157,0.13239,0.13185,0.13289,0.13171,0.13245,0.13278,0.13256,0.13275
3.32401,0.13415,0.13489,0.13454,0.13516,0.13436,0.13485,0.13527,0.13456,0.13535
3.33066,0.13669,0.13788,0.13765,0.13757,0.13741,0.13762,0.13782,0.13728,0.13790
3.33730,0.13904,0.14057,0.14087,0.14003,0.13999,0.14024,0.14036,0.13989,0.14084
3.34395,0.14130,0.14290,0.14365,0.14278,0.14239,0.14258,0.14289,0.14218,0.14324
3.35059,0.14404,0.14535,0.14629,0.14497,0.14458,0.14480,0.14570,0.14470,0.14541
3.35724,0.14667,0.14779,0.14873,0.14722,0.14672,0.14701,0.14837,0.14729,0.14760
3.36388,0.14924,0.15032,0.15118,0.14990,0.14911,0.14939,0.15086,0.15009,0.15008
3.37053,0.15270,0.15320,0.15385,0.15326,0.15245,0.15232,0.15377,0.15296,0.15270
3.37717,0.15601,0.15579,0.15671,0.15629,0.15569,0.15527,0.15614,0.15545,0.15543
3.38382,0.15818,0.15812,0.15921,0.15881,0.15779,0.15796,0.15825,0.15786,0.15814
3.39047,0.16021,0.15995,0.16118,0.16087,0.15940,0.16005,0.16035,0.16005,0.16044
3.39712,0.16227,0.16185,0.16300,0.16266,0.16156,0.16224,0.16298,0.16239,0.16279
3.40376,0.16454,0.16407,0.16594,0.16447,0.16422,0.16495,0.16520,0.16523,0.16566
3.41041,0.16607,0.16621,0.16869,0.16661,0.16674,0.16783,0.16723,0.16771,0.16814
3.41706,0.16810,0.16870,0.17131,0.16913,0.16946,0.17043,0.16969,0.17027,0.17009
3.42371,0.17081,0.17151,0.17420,0.17198,0.17303,0.17339,0.17269,0.17306,0.17235
3.43036,0.17432,0.17491,0.17772,0.17502,0.17643,0.17653,0.17545,0.17636,0.17547
3.43701,0.17695,0.17748,0.17971,0.17746,0.17910,0.17901,0.17756,0.17954,0.17842
3.44366,0.17834,0.17888,0.18104,0.17976,0.18183,0.18042,0.17993,0.18200,0.17990
3.45031,0.17964,0.18027,0.18262,0.18178,0.18386,0.18146,0.18133,0.18362,0.18106
3.45696,0.18169,0.18226,0.18485,0.18390,0.18575,0.18330,0.18291,0.18527,0.18249
3.46361,0.18408,0.18446,0.18693,0.18643,0.18788,0.18572,0.18534,0.18749,0.18472
3.47026,0.18709,0.18671,0.18950,0.18915,0.19165,0.18897,0.18824,0.19087,0.18788
3.47692,0.19010,0.18993,0.19271,0.19196,0.19473,0.19210,0.19132,0.19339,0.19131
3.48357,0.19242,0.19277,0.19526,0.19422,0.19685,0.19447,0.19349,0.19525,0.19401
3.49022,0.19450,0.19515,0.19716,0.19659,0.19896,0.19650,0.19568,0.19749,0.19613
3.49687,0.19734,0.19797,0.20023,0.19925,0.20179,0.19904,0.19890,0.20038,0.19856
3.50353,0.20125,0.20179,0.20395,0.20241,0.20512,0.20224,0.20238,0.20389,0.20205
3.51018,0.20507,0.20581,0.20782,0.20544,0.20835,0.20601,0.20575,0.20765,0.20537
3.51684,0.20882,0.20959,0.21096,0.20834,0.21114,0.20890,0.20859,0.21086,0.20884
3.52349,0.21288,0.21352,0.21513,0.21192,0.21473,0.21276,0.21215,0.21454,0.21317
3.53015,0.21711,0.21795,0.21891,0.21610,0.21765,0.21737,0.21594,0.21791,0.21772
3.53680,0.22046,0.22088,0.22152,0.21958,0.22049,0.22096,0.21911,0.22172,0.22110
3.54346,0.22316,0.22329,0.22411,0.22277,0.22328,0.22394,0.22186,0.22475,0.22392
3.55011,0.22674,0.22666,0.22790,0.22674,0.22708,0.22818,0.22583,0.22842,0.22793
3.55677,0.23086,0.23051,0.23190,0.23067,0.23054,0.23229,0.22935,0.23145,0.23193
3.56343,0.23327,0.23286,0.23479,0.23279,0.23246,0.23494,0.23177,0.23329,0.23460
3.57008,0.23482,0.23444,0.23688,0.23482,0.23468,0.23678,0.23447,0.23514,0.23698
3.57674,0.23746,0.23665,0.23959,0.23756,0.23756,0.23927,0.23790,0.23783,0.23944
3.58340,0.24056,0.23911,0.24184,0.24045,0.24017,0.24174,0.24073,0.24015,0.24211
3.59006,0.24214,0.24076,0.24345,0.24207,0.24137,0.24293,0.24214,0.24152,0.24389
3.59672,0.24416,0.24250,0.24489,0.24358,0.24311,0.24395,0.24415,0.24286,0.24542
3.60338,0.24579,0.24483,0.24746,0.24633,0.24614,0.24605,0.24704,0.24532,0.24759
3.61004,0.24773,0.24716,0.24975,0.24810,0.24854,0.24782,0.24900,0.24734,0.24946
3.61670,0.24865,0.24814,0.25011,0.24877,0.24901,0.24832,0.24917,0.24787,0.24987
3.62336,0.24945,0.24893,0.25006,0.24920,0.24905,0.24857,0.24956,0.24816,0.24967
3.63002,0.25160,0.25119,0.25158,0.25145,0.25124,0.25102,0.25183,0.25062,0.25180
3.63668,0.25366,0.25399,0.25367,0.25460,0.25445,0.25438,0.25452,0.25389,0.25486
3.64334,0.25477,0.25593,0.25513,0.25623,0.25647,0.25693,0.25549,0.25545,0.25673
3.65000,0.25598,0.25701,0.25652,0.25717,0.25797,0.25837,0.25630,0.25630,0.25754
3.65667,0.25807,0.25901,0.25879,0.25923,0.25991,0.26092,0.25856,0.25824,0.25933
3.66333,0.26039,0.26127,0.26014,0.26096,0.26124,0.26304,0.26078,0.25984,0.26055
3.66999,0.26034,0.26171,0.25979,0.26054,0.26069,0.26338,0.26071,0.25988,0.26104
3.67665,0.26047,0.26210,0.26023,0.26028,0.25994,0.26335,0.26172,0.26020,0.26127
3.68332,0.26300,0.26498,0.26377,0.26314,0.26237,0.26656,0.26409,0.26281,0.26429
3.68998,0.26649,0.26861,0.26769,0.26647,0.26595,0.27058,0.26786,0.26661,0.26731
3.69665,0.26833,0.26992,0.26890,0.26810,0.26846,0.27258,0.26964,0.26883,0.27079
3.70331,0.26835,0.26923,0.26796,0.26836,0.26891,0.27202,0.26943,0.26871,0.27138
3.70998,0.26996,0.27029,0.26909,0.26937,0.26989,0.27257,0.27016,0.26925,0.27199
3.71664,0.27233,0.27273,0.27256,0.27119,0.27170,0.27409,0.27161,0.27064,0.27308
3.72331,0.27253,0.27342,0.27465,0.27138,0.27233,0.27497,0.27169,0.27125,0.27399
3.72998,0.27145,0.27195,0.27464,0.26986,0.27126,0.27400,0.27074,0.27073,0.27394
3.73664,0.27113,0.27070,0.27419,0.26900,0.27081,0.27378,0.27053,0.27051,0.27332
3.74331,0.27250,0.27176,0.27630,0.27031,0.27239,0.27553,0.27181,0.27153,0.27411
3.74998,0.27242,0.27189,0.27658,0.27058,0.27268,0.27559,0.27154,0.27103,0.27394
3.75665,0.27101,0.27051,0.27420,0.26918,0.27084,0.27388,0.26979,0.26928,0.27255
3.76331,0.27014,0.26927,0.27193,0.26791,0.26897,0.27050,0.26864,0.26828,0.27016
3.76998,0.27085,0.27007,0.27249,0.26853,0.26952,0.27132,0.26937,0.26980,0.27112
3.77665,0.27161,0.27097,0.27362,0.26934,0.27038,0.27295,0.27001,0.27073,0.27208
3.78332,0.26960,0.26908,0.27199,0.26808,0.26912,0.27200,0.26847,0.26865,0.27028
3.78999,0.26675,0.26658,0.26933,0.26585,0.26677,0.26904,0.26655,0.26727,0.26739
3.79666,0.26626,0.26628,0.26906,0.26539,0.26582,0.26794,0.26575,0.26661,0.26590
3.80333,0.26680,0.26759,0.27102,0.26555,0.26727,0.26984,0.26658,0.26760,0.26646
3.81000,0.26708,0.26790,0.27227,0.26595,0.26747,0.27015,0.26697,0.26742,0.26631
3.81667,0.26543,0.26599,0.27073,0.26434,0.26495,0.26708,0.26503,0.26502,0.26426
3.82335,0.26528,0.26470,0.26891,0.26375,0.26346,0.26494,0.26367,0.26377,0.26316
3.83002,0.26703,0.26512,0.26862,0.26485,0.26436,0.26535,0.26421,0.26480,0.26383
3.83669,0.26841,0.26645,0.26942,0.26604,0.26632,0.26690,0.26598,0.26733,0.26583
3.84336,0.26742,0.26641,0.26944,0.26501,0.26656,0.26698,0.26591,0.26791,0.26643
3.85004,0.26422,0.26343,0.26743,0.26192,0.26430,0.26508,0.26338,0.26554,0.26385
3.85671,0.26302,0.26153,0.26617,0.26102,0.26317,0.26333,0.26111,0.26369,0.26162
3.86339,0.26489,0.26268,0.26786,0.26309,0.26494,0.26330,0.26207,0.26482,0.26210
3.87006,0.26732,0.26482,0.27027,0.26474,0.26651,0.26557,0.26412,0.26692,0.26525
3.87673,0.26872,0.26554,0.27090,0.26551,0.26829,0.26665,0.26503,0.26862,0.26816
3.88341,0.26959,0.26594,0.27047,0.26533,0.26779,0.26610,0.26491,0.26835,0.26830
3.89008,0.27242,0.26817,0.27261,0.26746,0.27030,0.26794,0.26707,0.27010,0.27083
3.89676,0.27648,0.27256,0.27688,0.27151,0.27594,0.27285,0.27210,0.27517,0.27674
3.90344,0.28014,0.27686,0.28154,0.27559,0.28142,0.27721,0.27715,0.27977,0.28172
3.91011,0.28162,0.27857,0.28366,0.27687,0.28357,0.27787,0.27954,0.28094,0.28285
3.91679,0.27630,0.27294,0.27636,0.27082,0.27700,0.27091,0.27359,0.27463,0.27787
3.92347,NaN,NaN,NaN,NaN,NaN,NaN,NaN,NaN,NaN
3.93015,NaN,NaN,NaN,NaN,NaN,NaN,NaN,NaN,NaN
3.93682,NaN,NaN,NaN,NaN,NaN,NaN,NaN,NaN,NaN
